	clusterList	function_manhatten_distance_y
0	1	29022.874591196607
1	2	28783.337779880087
2	3	28604.82189888565
3	4	28383.647729059823
4	5	28197.492808104544
5	6	28007.328912473895
6	7	27830.71851676278
7	8	27639.703088378017
8	9	27487.20229018538
9	10	27343.153916938874
